experiment_num,dataset,phenotype,mse_train,rmse_train,r2_train,mse_val,rmse_val,r2_val,mse_test,rmse_test,r2_test,gp_runtime_seconds,eval_time_seconds,eval_memory_mb,total_memory_mb
6,CARSALES,1~(00.99978 64.32816 16.64541 04.15190 63.58729 33.90353 86.21380 36.52495 68.58533 88.14416):sarima;(01.00552 44.16564 88.14416 45.01044 51.90363 87.29333 03.53725 04.51436 22.95968 85.33388):mlp,0.0007258028192056465,0.026940727889306303,0.9803433080650302,0.036083614964700424,0.18995687659229507,-0.03254301904740231,0.07826569075347226,0.2797600592534114,-1.2178521202300487,23.966559171676636,0.5920050144195557,75.75,282.6875
7,CARSALES,1~(00.99989 18.47545 18.72233 47.47032 12.59598 47.82738 76.62864 61.62596 10.69968 84.03285):sarima;(01.01603 45.91820 19.15593 87.47851 82.70120 18.16820 69.20991 85.45296 89.67072 04.90291):mlp,0.0007271748027567165,0.026966178868291973,0.9803061510613791,0.036599611209131105,0.19131024857317788,-0.047308399970649395,0.07964265501972184,0.28221030282348275,-1.25687181184693,23.183093786239624,0.5712380409240723,0.625,283.4375
8,CARSALES,1~(01.00139 35.36116 28.26103 14.02310 17.79526 82.16501 78.37935 15.06999 56.88152 92.27159):sarima;(01.00466 54.02310 15.04664 29.92273 93.35010 47.22010 66.05402 33.58611 72.82610 41.40231):mlp,0.0007254485060181164,0.026934151295671383,0.9803529038188513,0.03618005758847506,0.1902105611906843,-0.03530275246143355,0.07839355655878985,0.279988493618559,-1.2214755143980223,23.10539484024048,0.5855059623718262,1.09375,283.6875
9,CARSALES,1~(00.99999 99.30191 20.14034 46.60226 62.05901 66.11936 15.82804 61.61580 85.73072 92.87661):sarima;(01.00375 28.04561 15.80585 30.72992 76.71352 10.03742 14.03094 60.22346 07.15458 73.07299):mlp,0.0007257519322483553,0.02693978344843097,0.9803446862206622,0.03601680968133816,0.18978095184011004,-0.03063136665230104,0.07806898766854123,0.2794082813170383,-1.2122780513146636,23.83566188812256,0.5775129795074463,5.0625,281.546875
10,CARSALES,1~(01.00160 78.19310 62.09321 35.30697 94.30142 81.58914 24.04066 67.72272 32.95214 19.99935):sarima;(01.00460 67.72272 33.92838 00.99914 04.59423 00.32085 33.20350 26.96200 99.99353 62.71947):mlp,0.0007254530561947836,0.026934235764075127,0.9803527805878324,0.03619525435767606,0.19025050422449885,-0.03573761238236761,0.07841710383824763,0.28003054090268015,-1.222142784860575,23.307979106903076,0.572641134262085,3.453125,285.0625
11,CARSALES,1~(01.00142 00.23124 24.51114 01.89593 66.68573 94.91489 11.04895 75.31140 18.97932 66.85931):sarima;(01.00500 00.04001 57.31949 48.93110 89.59753 14.00189 93.26668 53.11000 00.50010 04.00189):mlp,0.0007254496836825018,0.026934173157579976,0.9803528719245332,0.03619894171199434,0.19026019476494377,-0.03584312708658488,0.07844182611218661,0.2800746795270622,-1.2228433517008424,22.738719940185547,0.5191569328308105,0.015625,285.140625
12,CARSALES,1~(01.00136 43.87291 73.81392 74.01802 07.50671 73.01948 68.52758 48.49060 44.50774 55.96106):sarima;(01.00479 67.30148 40.18021 75.06719 30.19484 01.44560 84.70603 47.07740 59.61065 10.10040):mlp,0.0007254487822795903,0.026934156424131616,0.9803528963369478,0.03618371407991961,0.19022017264191413,-0.035407384015643695,0.07840584339886489,0.2800104344464057,-1.221823692431705,23.741430044174194,0.5650050640106201,2.546875,287.71875
13,CARSALES,1~(00.99999 74.29112 55.63523 35.62268 07.43272 59.52042 63.83846 60.43547 84.03633 54.33907):sarima;(01.00518 56.35230 56.22684 74.32729 78.97775 33.90754 01.00512 71.24019 02.15440 00.59247):mlp,0.000725718377564376,0.026939160669263176,0.9803455949717286,0.036085200797287595,0.18996105073748037,-0.03258839810293401,0.07825292606112663,0.2797372446799436,-1.2174904010691971,23.40043592453003,0.5649738311767578,0.09375,287.765625
14,CARSALES,1~(01.01200 78.71941 42.81575 82.73105 83.49104 98.46987 20.19491 91.39481 04.85553 85.30019):sarima;(01.00100 03.40816 03.98467 01.05204 55.99413 83.16905 53.04655 94.13783 68.53001 57.90100):mlp,0.0007403217075053236,0.02720885347649407,0.9799500975304427,0.036949242508042074,0.19222185751896706,-0.05731320013504981,0.07954331988241908,0.282034253030406,-1.2540569047943082,23.46195888519287,0.5880260467529297,0.0,287.734375
15,CARSALES,1~(00.99999 37.71914 24.71413 69.22754 09.17524 79.59328 63.09797 52.20262 37.34482 62.21466):sarima;(00.99999 22.14463 20.09786 14.62492 75.43091 12.48305 61.24873 86.27163 07.97793 02.06637):mlp,0.000726086953428627,0.026946000694511738,0.9803356129462714,0.03583757751897925,0.18930815491937808,-0.02550258678327988,0.0775866535849047,0.27854380909455645,-1.1986099208764864,24.808515787124634,0.6127619743347168,194.96875,285.890625
1,Electricity,1~(00.99999 56.96205 59.69643 24.03779 16.29409 07.77871 34.97377 36.11336 26.97207 97.03574):sarima;(01.12755 53.22697 12.00705 22.05381 05.75918 02.95332 69.71078 70.35746 50.11272 05.69742):svr,0.000301663711459244,0.017368468886440277,0.9822019621627451,0.0013029593909856334,0.03609652879413246,0.925663134903347,0.0021212742653941856,0.046057293292096374,0.8567976450114247,23.264787912368774,0.5274770259857178,1.328125,287.578125
2,Electricity,1~(00.99999 43.32115 67.42246 56.03502 76.04803 77.55647 07.24496 70.95813 28.75462 89.98120):sarima;(01.12724 25.06436 58.12087 01.12503 21.55955 09.29277 93.03504 96.58177 44.77503 02.99803):svr,0.00030166373743950755,0.01736846963435488,0.9822019606299199,0.0013029182293513586,0.03609595862906759,0.9256654832703609,0.0021212402178919804,0.04605692366943303,0.856799943480122,23.125831127166748,0.5672252178192139,0.3125,287.921875
3,Electricity,1~(00.99999 86.20962 16.13681 21.66186 53.93511 48.07653 27.64361 32.07411 92.62529 41.65620):sarima;(01.13000 80.11370 00.94643 18.32374 11.92074 11.92685 93.80159 13.42216 36.81731 10.09453):svr,0.0003016668280615721,0.0173685586063315,0.9822017782844593,0.0013033007521591575,0.03610125693323098,0.9256436594540881,0.002121560870740082,0.046060404587238285,0.8567782969425992,22.851391315460205,0.5744597911834717,1.203125,289.203125
4,Electricity,1~(00.99999 91.62788 99.03696 76.18595 10.96008 88.42781 95.28378 64.33993 04.22062 99.40122):arima;(01.12715 63.48601 29.15405 09.42236 14.44012 48.60112 15.40520 42.23860 12.34424 32.95133):svr,0.00030166381962531155,0.017368472000303066,0.9822019557809906,0.0013029063012135642,0.036095793400527494,0.9256661637983775,0.0021212308659136077,0.04605682214301816,0.8568005748107087,22.923274040222168,0.5758368968963623,0.015625,289.234375
5,Electricity,3~(00.09887 00.29999 00.60003 29.45167 76.16484 00.79502 23.06906 93.27278 45.61188 91.77239):arima;(01.12020 01.00107 00.00020 11.18859 70.56001 67.72390 75.90079 03.82306 06.09327 78.19561):svr,0.003244158385928983,0.05695751386717105,0.808595957984119,0.011611216152471482,0.10775535324275766,0.33755310049884124,0.026398217124527595,0.16247528158008404,-0.7820830250017752,23.788266897201538,0.5238080024719238,0.125,289.359375
6,Electricity,1~(00.99997 21.41989 18.26581 67.48853 87.28431 91.97254 11.37237 32.78874 37.67487 02.13478):sarima;(01.12753 10.47898 31.11319 19.72543 13.74302 34.78274 11.27634 04.78933 27.08031 72.84319):svr,0.00030166412526315634,0.017368480798940256,0.9822019377484804,0.001302888169212098,0.03609554223463194,0.9256671982712523,0.002121048851327282,0.04605484612206713,0.8568128621975071,22.974174976348877,0.5642449855804443,0.015625,289.40625
7,Electricity,1~(00.99999 78.22578 27.27822 99.93960 48.90005 65.88845 80.09257 07.89996 54.87002 83.30387):sarima;(01.09999 30.02563 53.47845 58.25788 72.78128 99.39618 85.82578 27.26812 99.16588 45.18009):svr,0.00030204910848664245,0.01737956007747729,0.9821792238928921,0.0013009991559889797,0.036069365893913075,0.9257749708711539,0.0021204491004287954,0.04604833439364333,0.8568533500035729,22.741283178329468,0.5667781829833984,0.0,289.40625
8,Electricity,1~(01.00011 13.45358 89.57550 23.71204 81.52151 82.95217 21.18699 03.47566 61.25873 11.08987):sarima;(01.12753 35.47566 61.25873 11.08371 04.68152 51.58295 17.42118 99.00747 66.36125 73.11108):svr,0.0003016625818147176,0.017368436366429697,0.9822020288113186,0.0013033744705707644,0.03610227791387635,0.9256394536471715,0.0021226228703589696,0.046071931480663686,0.8567066037867906,22.412946939468384,0.5753309726715088,0.03125,289.4375
9,Electricity,1~(00.99988 93.64333 31.45782 82.41790 58.83070 47.90694 70.63289 18.05858 16.99798 50.93203):sarima;(01.13001 74.39618 33.31458 23.07014 90.69477 63.28920 02.90491 99.39805 93.20332 01.13001):svr,0.0003016697422473331,0.017368642498690943,0.9822016063486696,0.0013029293476989052,0.03609611263971378,0.9256648489427622,0.002120340101758796,0.046047150853867125,0.8568607082535122,22.660568952560425,0.5766279697418213,0.421875,289.859375
10,Electricity,1~(01.00007 03.76835 64.20073 10.98828 09.73721 37.33630 78.81206 47.77284 20.54463 80.85794):sarima;(01.12763 80.85794 68.01127 36.40328 12.04741 72.84849 30.19580 57.94368 11.25880 10.90100):svr,0.0003016627885631807,0.017368442318273124,0.9822020166132422,0.0013032469469491832,0.03610051172697117,0.9256467291665159,0.0021221814641147587,0.046067140828520696,0.8567364021088223,22.424691915512085,0.5272970199584961,0.0,289.859375
11,Electricity,1~(00.99999 30.61983 21.91403 94.41316 59.83155 70.25181 98.21539 27.28410 50.86798 10.02049):sarima;(01.12800 96.76981 12.39021 98.81002 42.65101 28.00696 64.41356 59.83155 70.25181 98.21539):svr,0.00030166381428331404,0.017368471846518737,0.9822019560961662,0.001303020019277655,0.03609736859215163,0.9256596759182119,0.0021213246033088056,0.04605783975946772,0.8567942468143899,22.359274864196777,0.5675101280212402,0.0,289.859375
12,Electricity,1~(00.99997 48.73164 96.38106 25.01524 11.39761 11.47811 77.56524 88.20477 80.99699 83.31641):sarima;(01.09999 38.73164 38.10652 02.48881 40.70809 01.66875 86.46630 06.99983 10.85250 52.47013):svr,0.0003020496006625434,0.017379574237090602,0.9821791948547116,0.0013009312670382626,0.0360684247928609,0.9257788440937623,0.002120223247834641,0.046045881985630824,0.856868596793623,22.66722083091736,0.5722560882568359,0.375,290.265625
13,Electricity,1~(01.00008 59.87578 34.39729 23.30988 52.73624 92.41532 22.48497 32.43892 08.35453 45.24863):sarima;(01.12770 81.59875 83.34397 94.23309 85.52736 45.07614 50.22484 85.43368 57.08354 37.45248):svr,0.000301662642261136,0.017368438106552243,0.9822020252450041,0.001303291390884851,0.036101127279973555,0.92564419353657,0.002122302275469015,0.0460684520628707,0.856728246411692,22.32156991958618,0.5764498710632324,0.078125,290.390625
14,Electricity,1~(00.99999 71.33271 37.61863 40.03987 18.52485 42.40856 46.07967 53.12618 44.88947 51.63761):sarima;(01.10398 42.55324 44.24080 64.69472 24.05442 08.56646 79.67353 26.18644 89.47251 37.61977):svr,0.0003019455393330208,0.0173765801967194,0.9821853344313657,0.001301069240477983,0.03607033740454867,0.9257709723879775,0.002120295570606392,0.0460466673126991,0.8568637144493628,22.83789300918579,0.5287139415740967,0.03125,290.203125
15,Electricity,1~(01.00008 27.41733 27.01393 46.81340 64.60113 00.49270 39.39168 14.08742 11.30084 61.47404):sarima;(01.12749 20.11276 46.81740 64.20113 00.49822 63.44013 30.28946 14.40794 41.55607 70.17939):svr,0.00030166266769657686,0.017368438838783896,0.9822020237443233,0.0013032632409821757,0.0361007374021941,0.9256457995540193,0.002122279246240874,0.04606820211643682,0.8567298010620062,22.328888654708862,0.5654492378234863,0.0,290.203125
1,GAS,1~(01.00749 22.69334 17.53713 13.44169 17.50175 93.07552 14.87522 44.22878 03.96540 42.95060):sarima;(01.02917 92.22693 42.17537 34.13441 92.01083 11.93075 28.14875 27.40228 88.03965 09.42950):svr,0.00022964459131763013,0.015154028880717832,0.9875154225534548,0.00467723845382705,0.06839033889247113,0.8240604379373441,0.0046004346055689635,0.06782650371034146,0.664709420052841,23.05698585510254,0.5647618770599365,0.0625,290.28125
2,GAS,2~(00.18589 00.83020 31.86709 84.46804 24.11312 09.97942 73.27380 19.82032 17.76622 53.84310):sarima;(01.00100 00.84704 03.31867 97.81460 86.70978 46.80262 11.31266 97.94217 27.38071 82.03211):svr,0.00048020591566404387,0.021913601156908095,0.9738937115392161,0.01304814949747112,0.11422849687127604,0.5091792451944082,0.03677242524165516,0.1917613757816082,-1.680061525146547,22.64960789680481,0.5703730583190918,0.03125,290.3125
3,GAS,1~(01.00699 75.89867 83.87001 19.88814 58.18360 74.65929 29.60160 81.64744 47.22783 88.02091):sarima;(01.02898 20.91616 10.25890 64.74430 24.78988 02.09161 01.02888 20.06474 30.72492 22.96016):svr,0.00022967563115377894,0.015155052990794157,0.9875137350796236,0.004668983426049321,0.06832995994473669,0.8243709600512723,0.004626998527185603,0.06802204442080231,0.6627733784723928,22.540252923965454,0.5230190753936768,0.0,290.296875
4,GAS,1~(00.99999 50.84161 54.47666 98.99292 88.81634 69.09372 76.68955 89.10982 06.95447 55.27566):sarima;(00.99999 92.88881 34.52529 72.97668 55.98980 82.90695 47.65527 66.14000 99.28939 29.28881):svr,0.00023880424406685262,0.015453292337455233,0.9870174600563849,0.004423603774581102,0.06651017797736751,0.8336011904200236,0.004771695762805346,0.06907746204664258,0.652227500917919,23.293270111083984,0.580913782119751,0.0,289.96875
5,GAS,1~(00.99999 90.23523 37.34580 91.78858 97.28780 38.99284 86.77932 37.63478 27.94105 33.78727):sarima;(01.02598 20.94105 33.78723 99.01025 79.90102 74.47035 73.79901 51.78920 41.05139 01.02577):svr,0.00023529510304885312,0.015339331897082517,0.987208233732171,0.004573334454308101,0.06762643310354392,0.8279689032320661,0.005028867849976641,0.07091451085621786,0.6334841895469663,22.683727025985718,0.5662930011749268,0.0,289.96875
6,GAS,"1~(00.99998 59.89458 47.34521 23.60428 68.83781 58.42912 14.60116 91.62229 77.61736 68.71746):sarima;(01.02631 68.78115 40.91201 60.11635 76.17369 95.22295 76.17369 87.17461 91.76560 96.87174):svr,(60.10736 09.88844 59.53442 95.62590 62.93129 20.67901 43.93622 95.77615 69.68717 62.29577):svr",0.00023531052008922198,0.015339834421832003,0.9872073955881792,0.004575250199263243,0.06764059579323088,0.8278968403403066,0.005032898704261845,0.07094292568157762,0.6331904113310273,31.001823902130127,0.5755062103271484,0.015625,289.96875
7,GAS,1~(01.01000 94.41562 00.18970 00.99183 63.01012 45.61001 04.99886 81.30709 34.78969 50.91883):sarima;(01.03010 29.45610 17.04998 61.81907 98.34789 97.50918 35.63010 99.94015 45.49070 99.88306):svr,0.0002302352085850784,0.015173503503972917,0.9874833137762595,0.004721682013862541,0.06871449638804421,0.8223886436582324,0.004471706911162447,0.0668708225698058,0.6740913995859428,22.931079864501953,0.5927519798278809,0.0625,290.03125
8,GAS,1~(00.99999 88.21318 35.75638 06.73472 43.93205 86.39066 19.99848 21.31851 12.08620 73.47257):sarima;(00.99999 99.17700 98.53933 28.81319 41.33016 12.63905 18.47264 92.20562 25.58712 86.20673):svr,0.00023880424406685262,0.015453292337455233,0.9870174600563849,0.004423603774581102,0.06651017797736751,0.8336011904200236,0.004771695762805346,0.06907746204664258,0.652227500917919,23.040033102035522,0.5398437976837158,0.796875,290.828125
9,GAS,1~(01.01000 87.08710 28.78533 50.50126 69.74489 06.33962 39.10847 04.21616 87.52836 29.58938):sarima;(01.03030 02.87853 95.05012 01.30311 10.30360 28.78533 50.59489 06.11187 87.10028 85.33950):svr,0.0002302349883559939,0.01517349624694302,0.987483325748965,0.0047229162061699454,0.06872347638303773,0.8223422181325275,0.004473641454117599,0.06688528578183395,0.6739504055093004,22.89674401283264,0.5930881500244141,0.046875,290.875
10,GAS,1~(00.99999 82.12676 26.77966 74.09474 02.62967 86.57507 98.12067 33.47836 34.53342 29.71758):sarima;(00.99999 12.56923 47.83633 83.34262 61.75800 89.92821 67.63367 96.62742 47.43069 77.29474):svr,0.00023880424406685262,0.015453292337455233,0.9870174600563849,0.004423603774581102,0.06651017797736751,0.8336011904200236,0.004771695762805346,0.06907746204664258,0.652227500917919,22.697147130966187,0.5624759197235107,0.0,290.890625
11,GAS,1~(01.00755 31.57766 08.61093 74.21369 10.43326 28.82822 25.45857 04.01235 37.77923 67.13161):sarima;(01.02889 44.03265 88.28228 54.58581 43.32652 82.82282 45.85730 01.23513 77.92376 13.16178):svr,0.00022964486187661352,0.015154037807680616,0.9875154078445755,0.004676383799896673,0.06838409025421537,0.8240925867019859,0.004594304204788077,0.06778129686564043,0.6651562181946173,22.381452083587646,0.5758230686187744,0.0,290.890625
12,GAS,"1~(00.99999 12.84662 93.13097 08.48229 55.09470 04.26470 27.88438 24.86808 16.17369 40.26894):sarima;(00.89989 16.26410 44.79180 79.16040 13.18369 47.26194 21.00838 32.84969 40.26854 08.71318):svr,(54.82615 32.10088 69.64706 72.92935 60.26894 21.00899 79.12100 99.77916 64.10244 91.80291):svr",0.00031756225199160805,0.01782027642859695,0.9827357983641561,0.00398556882390352,0.0631313616509538,0.8500783656060121,0.003926238996151871,0.06265970791626682,0.7138463943303675,32.68132400512695,0.5854980945587158,0.0,290.890625
13,GAS,1~(01.00696 57.72722 33.73000 47.76940 72.70075 20.71755 40.70731 73.70103 01.57825 47.70222):sarima;(01.03000 49.76775 01.67822 64.57301 22.96707 25.02894 50.70103 02.44776 70.78225 50.40807):svr,0.00022968426310452451,0.015155337775995774,0.9875132658055293,0.004674832997868481,0.06837275040444461,0.8241509218568812,0.0046387536210690875,0.06810839611288089,0.6619166393632757,22.467092037200928,0.5886282920837402,0.15625,291.046875
14,GAS,2~(00.45999 00.54997 16.59807 20.55323 75.08118 73.38137 93.98175 82.00301 26.05171 07.19200):sarima;(01.00100 00.56296 25.62910 17.01376 39.81331 65.98074 05.53230 53.98133 09.13201 22.11114):svr,0.00033802962173264226,0.018385581898124472,0.9816230943322741,0.008987296638087856,0.09480135356674954,0.6619327728868395,0.019620058865012575,0.14007162048399588,-0.42995640183301154,22.733535289764404,0.5252411365509033,0.0,291.046875
15,GAS,"1~(00.87976 07.78638 26.12007 79.72653 65.89068 34.62618 88.09973 54.99753 91.67120 77.63472):arima;(00.99965 77.58906 37.73323 05.20252 05.23142 45.68715 01.46576 82.65977 61.46214 21.84126):svr,(15.89061 34.68591 24.66348 49.60160 24.39038 04.44127 34.46302 39.66868 85.76850 94.96917):svr,(01.01437 58.90686 46.26184 60.99732 49.97531 16.71207 76.32722 20.09996 37.75890 53.77332):rbf",0.0016357643044668606,0.040444583128854975,0.9110720351555575,0.007869136310533051,0.08870815244684702,0.7039936257357804,0.019055141456334464,0.13804036169300074,-0.3887838818826934,42.498955965042114,0.5615420341491699,0.046875,291.109375
1,LAKEERIE,1~(01.00628 96.79191 15.02975 76.81103 64.38942 04.54054 48.16335 23.93849 07.01875 44.86407):sarima;(01.09493 89.65607 75.24981 87.18199 03.56438 09.49602 25.24001 06.29596 91.91260 54.05484):svr,0.00234130704922649,0.048387054562418756,0.9359774443820437,0.002130278453850356,0.046154939647348216,0.9184020722170175,0.001428294445252481,0.03779278297840053,0.9592936632735266,22.68605089187622,0.5744390487670898,0.140625,291.28125
2,LAKEERIE,1~(00.99999 60.01440 55.10005 20.00554 83.83784 14.54905 49.67296 01.40061 11.88318 23.01716):sarima;(01.05702 84.90519 18.46001 40.51916 03.58001 54.18383 36.76900 00.13842 71.38225 96.92960):svr,0.002349063311662498,0.048467136408730585,0.9357653509945655,0.0021270781969518595,0.04612025798878254,0.9185246544695013,0.0014580972066861695,0.0381850390426168,0.9584442857195279,22.92496395111084,0.5777778625488281,0.0,291.3125
3,LAKEERIE,1~(00.99989 43.37507 57.30499 43.65203 51.32551 82.33306 97.92857 53.32346 33.36198 96.82990):sarima;(00.99999 66.00999 72.93336 98.79682 90.76604 90.28233 06.90282 33.06797 28.57153 23.46533):svr,0.0023501120935764913,0.048477954717340246,0.9357366722706699,0.002112901954636898,0.04596631325913465,0.9190676595374817,0.0014518364438901935,0.038102971588711995,0.9586227172182883,22.929603099822998,0.59409499168396,0.125,291.296875
4,LAKEERIE,1~(00.99999 38.00623 27.34648 85.50623 48.22659 45.82948 32.73361 41.53775 13.60061 80.13522):sarima;(01.05608 16.80138 20.00616 01.35221 20.14773 64.82855 62.33482 65.83206 91.87827 36.15415):svr,0.002349063238614573,0.04846713565514856,0.9357653529920459,0.0021268266754063715,0.04611753110701365,0.9185342887203043,0.0014579748764707526,0.03818343720084341,0.9584477721259598,22.470605850219727,0.5296728610992432,0.0,291.203125
5,LAKEERIE,1~(01.00630 38.31477 25.54516 85.20576 44.00452 40.52057 27.71255 51.64852 57.12162 99.13947):sarima;(01.09449 01.00999 17.00861 43.83147 12.51590 37.42057 21.61094 39.46151 04.83449 99.42364):svr,0.002341307297659509,0.04838705712956213,0.9359774375886942,0.0021301975985353393,0.04615406372720975,0.9184051692892072,0.001428167046668867,0.037791097452559735,0.959297294128257,22.672492027282715,0.5734448432922363,0.0,291.203125
6,LAKEERIE,1~(00.99999 96.32555 97.71578 07.12129 95.91901 22.73158 77.49270 05.45570 29.65206 98.85774):sarima;(01.05488 77.06919 11.22731 04.08296 24.23018 91.55778 49.48857 49.27010 44.08296 20.66442):svr,0.0023490639339633,0.04846714282855242,0.9357653339778792,0.0021265062786814254,0.04611405727846364,0.918546561157636,0.0014578187980312776,0.03818139334847902,0.9584522203554787,22.90449810028076,0.5762577056884766,0.0,291.203125
7,LAKEERIE,1~(01.00629 66.60071 54.76710 80.30208 03.14547 53.64837 77.19648 36.11851 33.83356 75.81399):sarima;(01.09518 38.33562 58.13973 40.10951 35.40168 30.20853 66.08712 48.31935 01.48030 08.53566):svr,0.002341307065870183,0.04838705473440374,0.9359774439269253,0.002130354433213512,0.04615576273027575,0.9183991619126972,0.001428286463931407,0.0377926773850624,0.9592938907408701,22.54677128791809,0.5776162147521973,0.0,291.203125
8,LAKEERIE,1~(00.99999 87.63794 63.50136 52.87607 01.06050 99.99976 80.70689 12.44027 88.90982 27.69436):sarima;(01.05596 66.03140 22.83999 97.06807 08.98124 02.78389 98.20726 94.99548 86.03140 22.83969):svr,0.0023490633274146863,0.048467136571234394,0.9357653505638253,0.0021267946879803086,0.04611718430238677,0.9185355139627964,0.001457959149627794,0.03818323126226739,0.9584482203403789,22.764084815979004,0.5262699127197266,0.0,291.140625
9,LAKEERIE,1~(01.01000 65.70110 04.51913 16.94820 99.19326 10.13466 98.04883 14.32679 13.65142 95.15212):sarima;(01.11813 66.99690 10.79481 13.01694 47.56422 58.56031 32.57432 75.64243 66.99824 51.59169):svr,0.0023440067431051157,0.04841494338636694,0.9359036218129138,0.0021464190039275767,0.046329461511305924,0.9177838265425151,0.0014209634230829959,0.03769566849232145,0.9595025971232466,22.716892957687378,0.5673420429229736,0.0,291.140625
10,LAKEERIE,2~(00.87998 00.12631 89.41153 43.20348 31.33340 97.01793 25.61953 90.01893 69.10425 98.34235):sarima;(00.99888 00.17996 88.10019 24.07970 79.36256 99.83423 10.90099 88.10017 90.12633 86.41153):svr,0.0023926936132855907,0.048915167517709586,0.9345722894466513,0.002335051606818314,0.048322371701090105,0.9105584661768906,0.0015274129440982819,0.0390821307517679,0.9564687898706713,22.786689043045044,0.570551872253418,0.0625,291.203125
11,LAKEERIE,1~(01.00643 07.25603 13.43513 58.82906 70.40900 14.29077 00.72307 20.45572 88.32886 12.12267):sarima;(01.10002 88.32886 12.12267 17.01100 00.00455 49.90507 23.71904 37.48690 09.49388 01.28583):svr,0.002341315635065316,0.04838714328274935,0.9359772096040618,0.0021317579633982407,0.04617096450582596,0.9183454012625588,0.0014283471707870698,0.037793480532852086,0.9592921605978197,22.61427903175354,0.571007251739502,0.0,291.203125
12,LAKEERIE,"1~(00.99988 15.37171 45.79943 90.95596 48.09675 93.11959 84.07254 02.53811 18.97470 98.19959):arima;(00.80011 81.49566 70.39819 59.67400 60.43991 41.19556 50.02531 11.12664 04.90335 02.18241):svr,(00.36389 94.19671 50.02531 11.12664 04.90335 02.18241 29.95596 48.09675 93.11959 84.51931):mlp",0.00233104730844646,0.0482809207497792,0.9362579948655576,0.0021513881869684756,0.046383059267026315,0.9175934875574032,0.0014577581602512912,0.03818059926521965,0.9584539485298749,32.34973692893982,0.5840861797332764,0.296875,291.5
13,LAKEERIE,1~(00.99899 49.71949 94.12621 84.44422 73.98583 15.23087 79.23582 88.11298 57.17585 65.56108):sarima;(01.05116 08.18401 51.42812 31.99847 62.71855 03.85381 91.11470 89.36918 91.03890 33.93521):svr,0.002351723084488182,0.04849456757708209,0.9356926200583477,0.002129367707990855,0.046145072412889926,0.9184369573160702,0.0014648559767069217,0.038273436959684215,0.9582516610340255,22.85456895828247,0.5430660247802734,0.0,291.5
14,LAKEERIE,1~(01.00558 37.35875 98.40302 94.17427 73.82807 09.97828 74.73328 71.66549 86.23179 84.96743):sarima;(00.99980 24.94570 38.48072 47.68288 47.33287 12.09778 88.74733 87.71666 53.00149 86.23179):svr,0.002343527297299308,0.04840999170934972,0.935916732159025,0.002107716756477962,0.04590987645897081,0.9192662727395017,0.0014208127992181745,0.03769367054583799,0.9595068898975977,22.837799787521362,0.5856578350067139,0.0,291.46875
15,LAKEERIE,1~(01.01000 68.57330 22.63121 42.85112 51.15122 12.66312 31.40938 89.11512 64.68949 75.68363):sarima;(01.11785 19.12261 66.31213 40.93808 11.51226 68.94967 68.36372 01.11794 60.10100 46.85733):svr,0.002344006673767452,0.04841494267028984,0.9359036237089378,0.002146352798686873,0.046328747001045396,0.9177863624600333,0.0014209321722125007,0.037695253974638514,0.9595034877718531,22.58660316467285,0.5721862316131592,0.03125,291.5
1,Nordic,"1~(00.99999 85.70424 99.20685 00.76466 68.34536 45.46352 48.64618 96.63260 16.31354 27.03669):sarima;(00.00889 93.74221 33.75211 83.34965 69.22084 95.31961 88.53133 34.49412 53.53069 61.76671):rbf,(01.03514 06.69070 00.08795 35.22310 77.52111 33.37521 18.33496 96.92201 59.53196 08.85313):svr",0.00011091206555328681,0.010531479741863761,0.9964061488819582,0.0006890537364180212,0.026249833074098228,0.9730928085581269,0.00023266779442037723,0.015253451885405389,0.9837695701564775,33.638993978500366,0.5942389965057373,0.96875,292.4375
2,Nordic,1~(00.99999 44.52749 20.21699 16.62962 66.29045 20.91929 92.61778 89.34457 39.98110 38.95143):sarima;(01.03498 69.92166 90.91929 16.62962 66.29035 20.91922 92.01778 89.34457 39.98110 37.95143):svr,0.00011091785354320327,0.010531754532992273,0.9964059613354193,0.0006890374796100024,0.02624952341681659,0.973093443378058,0.00023276861297022713,0.015256756305657737,0.9837625372604795,23.515839099884033,0.6023530960083008,0.28125,292.53125
3,Nordic,"1~(00.99999 84.67340 31.25465 52.02905 55.96294 18.23708 47.77546 61.93365 56.15242 59.31175):sarima;(01.10012 19.31175 21.01303 00.57189 09.22975 46.88293 29.33653 66.42069 83.37847 77.96465):svr,(09.22975 41.04538 54.01610 50.09999 00.71771 03.12246 95.20390 05.59629 97.82370 74.77754):svr",0.00011389056222451294,0.010671952128102569,0.9963096375282243,0.0007295199065866566,0.027009626183763756,0.9715126255765976,0.00024184159520407902,0.015551257029709175,0.9831296245619905,32.03054690361023,0.6024088859558105,0.0,292.53125
4,Nordic,1~(00.99998 00.07598 00.45089 84.91038 52.61292 01.28441 94.62925 10.23821 31.71605 67.80012):sarima;(01.03406 86.78901 90.10103 04.29129 10.72104 12.00129 10.10380 58.67867 69.46292 91.02382):svr,0.00011092101459944114,0.01053190460455473,0.9964058589086414,0.000688498419504546,0.026239253409816102,0.9731144933959153,0.00023264928564034073,0.015252845165422113,0.9837708612911471,22.81543779373169,0.6079280376434326,0.0,292.53125
5,Nordic,2~(00.00663 01.00010 84.46217 64.57675 05.75028 04.30869 85.40497 30.13690 46.27346 12.21656):sarima;(00.83030 02.35002 82.54586 12.21658 49.00001 24.44621 76.45767 30.57902 00.43086 22.37103):svr,0.0015259180128208902,0.03906300056090021,0.9505561263415323,0.00408502435782233,0.06391419527634162,0.8404819150796121,0.002379115115214097,0.04877617364261056,0.8340377916791543,23.823072910308838,0.5565776824951172,0.0625,292.59375
6,Nordic,1~(01.01000 61.16449 26.98844 58.67692 50.15501 18.59692 96.73974 52.88278 80.33336 92.03434):sarima;(01.06000 00.54116 45.80338 67.91859 92.29673 74.65288 78.18033 36.79203 34.95501 60.01000):svr,0.00014880780357636123,0.012198680403074803,0.9951782244015706,0.0007420604632467775,0.02724078675895352,0.9710229233356727,0.0002536695617923785,0.01592700730810338,0.982304529785203,22.976966857910156,0.589893102645874,0.0,292.59375
7,Nordic,2~(00.71999 00.28128 92.33906 73.73643 06.69773 52.30264 34.34449 73.02450 43.58463 79.67026):sarima;(00.99012 00.70000 82.06281 85.92329 85.92362 10.85923 90.85923 90.61232 66.36440 77.27683):svr,0.0002170481247092073,0.014732553231168294,0.9929670532979094,0.0008431716114841062,0.029037417438265857,0.9670745853777767,0.0004423057932052395,0.021031067333952394,0.96914565179128,23.378175973892212,0.5921230316162109,0.015625,292.609375
8,Nordic,1~(00.99999 17.07394 73.67404 92.12134 78.36776 50.50908 13.23117 40.52876 90.62714 14.00559):sarima;(01.03501 85.15231 21.40528 69.90627 82.14311 14.05287 99.20271 21.40055 14.50103 01.88515):svr,0.000110917844754862,0.010531754115761629,0.9964059616201852,0.0006890546397178051,0.02624985027991217,0.9730927732847382,0.00023277217512629876,0.015256873045493259,0.9837622887717518,22.90236186981201,0.6012561321258545,0.0,292.609375
9,Nordic,1~(00.99999 98.58559 26.00266 32.78641 77.77780 60.30769 83.98964 74.43772 39.38820 09.22294):sarima;(00.99999 84.62209 44.37728 93.88206 92.22647 00.09999 80.60060 28.46220 74.47777 80.02030):svr,0.00011178083075927661,0.010572645400242865,0.996377998537888,0.0006698113853373388,0.025880714544566554,0.9738442123993006,0.0002289657725520884,0.015131615001449395,0.9840278156363134,22.852958917617798,0.5968940258026123,0.296875,292.90625
10,Nordic,1~(01.00032 74.24760 35.09365 69.01684 74.75281 51.79012 54.72346 96.22402 54.54731 61.65455):sarima;(01.04000 47.23350 34.58690 62.80740 01.13243 01.20547 34.97962 70.21545 73.16901 88.07475):svr,0.00011089319431860293,0.010530583759630941,0.9964067603610388,0.000692327139164373,0.02631211012375049,0.9729649838766726,0.0002337046129269783,0.015287400463354726,0.9836972438163677,22.968915224075317,0.6103670597076416,0.0,292.90625
11,Nordic,1~(01.00029 49.69924 08.20103 12.19251 63.07813 32.51035 09.35927 95.51150 30.10068 03.58971):sarima;(01.03581 01.00683 35.89712 70.10349 42.19231 63.07918 71.38201 34.99351 43.20103 36.93592):svr,0.00011088086310724423,0.010529998248207082,0.9964071599256624,0.0006898662166943927,0.026265304427978607,0.9730610816242411,0.00023316713317271957,0.015269811170172327,0.9837347373055957,22.687026262283325,0.6211929321289062,0.59375,293.5
12,Nordic,1~(00.99999 74.39792 81.70222 41.34202 99.42592 89.85887 11.83968 09.51238 57.20552 15.05131):sarima;(00.99999 28.15059 98.25921 98.58876 18.34686 37.43979 18.17022 14.13420 69.94259 18.98588):svr,0.00011178083075927661,0.010572645400242865,0.996377998537888,0.0006698113853373388,0.025880714544566554,0.9738442123993006,0.0002289657725520884,0.015131615001449395,0.9840278156363134,22.69615411758423,0.5678238868713379,0.75,294.25
13,Nordic,1~(01.00000 49.63838 38.87884 56.63516 27.08046 63.98802 71.86346 06.80539 00.38877 46.64214):sarima;(01.00949 38.38438 78.84656 35.16027 80.46763 88.92871 63.46906 05.39600 88.77946 42.14526):svr,0.00011137500268598225,0.010553435586859014,0.9963911484658753,0.0006748685760203676,0.025978232734740977,0.9736467317230131,0.00022993418147209177,0.015163580760232451,0.9839602614091583,22.600165843963623,0.6105988025665283,0.0,294.25
14,Nordic,2~(00.63964 00.36038 75.20053 15.38629 82.01391 90.12076 83.25718 79.85802 14.98344 96.33802):sarima;(00.96000 00.90004 94.63380 94.10096 50.60090 00.77902 24.63257 89.79858 28.14983 49.96338):svr,0.00029085988563510396,0.017054614789994642,0.9905753524653186,0.0009984349786749985,0.031598021752555945,0.9610116313233765,0.0005545854979995247,0.023549639020577887,0.9613132490470373,23.42808485031128,0.6116781234741211,0.0,294.25
15,Nordic,1~(01.00040 91.73794 95.91930 04.43029 29.73415 91.75937 29.28893 71.40145 97.26422 87.71712):sarima;(01.04100 00.91601 97.91401 54.97264 27.87717 29.30010 10.10006 22.78771 12.93001 41.20266):svr,0.00011090260196730986,0.010531030432360826,0.996406455527758,0.0006930119583721783,0.026325120291694364,0.9729382420413794,0.00023390952079107585,0.015294100849382283,0.9836829498625315,22.970741271972656,0.6186320781707764,0.0,294.25
1,PIGS,1~(01.01214 40.68528 31.81118 27.83873 14.86488 70.10506 14.81111 85.87671 90.77169 86.40125):arima;(02.29998 22.24240 62.81450 84.46851 83.18121 92.78081 81.56112 27.28021 17.81470 12.60411):svr,0.007270672669681993,0.0852682395132091,0.7496768571033494,0.008266055320726846,0.09091784929664166,0.4774206973406424,0.009919205623597651,0.09959520883856639,0.19867450572887158,22.661173820495605,0.5901010036468506,0.0625,294.328125
2,PIGS,1~(01.00947 26.01863 79.16021 86.02175 65.99172 48.05750 90.09179 88.25357 20.02264 83.10735):arima;(02.31103 72.35611 54.65992 01.86347 76.02148 48.33084 99.17264 59.91726 80.57505 02.26488):svr,0.007274107410308199,0.08528837793221418,0.7495586018733797,0.008367227619007456,0.09147255117797609,0.47102459339111347,0.010001111141904752,0.1000055555552028,0.19205774805375797,22.5196430683136,0.5298480987548828,0.03125,294.328125
3,PIGS,1~(01.01411 99.20844 36.97238 09.34828 20.14550 20.82584 01.25311 19.24245 37.55427 39.06819):arima;(02.35458 54.27434 68.19004 23.24589 27.82041 95.09208 58.45012 31.11190 24.54375 42.74340):svr,0.007271197680357268,0.08527131804045994,0.749658781427513,0.00832236413914051,0.09122699238241119,0.47386085870922157,0.009932567023073331,0.09966226479000631,0.1975951017478178,22.356056690216064,0.6009290218353271,0.03125,294.359375
4,PIGS,1~(01.01251 94.18347 18.59450 75.82808 41.91949 48.45049 00.23909 38.51739 54.54196 18.80830):arima;(02.33077 62.80864 91.94902 45.04980 23.90923 51.73985 54.09631 80.83318 08.30299 23.33102):svr,0.007269812215583254,0.08526319379183056,0.7497064818140329,0.008318308376570745,0.09120476071220594,0.4741172636682044,0.009944054379771708,0.09971987956155838,0.19666709277880345,22.335989952087402,0.5666711330413818,0.0,294.421875
5,PIGS,1~(01.01178 14.34795 49.71923 26.55196 53.60250 89.49943 00.71670 28.44929 96.27452 39.43273):arima;(02.32943 73.81407 29.69627 52.93943 73.81402 51.22265 19.69863 32.33834 94.39090 71.67042):svr,0.007270072428394249,0.08526471971685738,0.7496975229058783,0.008336572950725579,0.09130483530857267,0.47296257886936566,0.009960816081538109,0.09980388810832025,0.19531299453117446,22.99807119369507,0.590374231338501,0.0,294.125
6,PIGS,1~(01.01251 94.69705 15.66106 19.47150 75.22897 56.07899 13.72501 25.55572 65.66036 84.47736):arima;(02.32970 56.61066 94.71501 52.28979 60.22897 37.25017 18.36880 07.01151 44.77362 60.23297):svr,0.007269813049490037,0.08526319868202246,0.749706453103324,0.008316107972624696,0.09119269692593095,0.4742563730154177,0.009942853030984654,0.09971385576229942,0.19676414403946985,22.60053515434265,0.5785849094390869,0.0,294.140625
7,PIGS,1~(00.99999 95.85206 66.72146 53.90521 53.02062 02.23323 98.49424 82.94263 35.40226 28.99250):arima;(02.24984 40.86849 24.35604 63.04798 00.42899 50.35602 49.76438 54.26304 30.47984 04.28992):svr,0.0073426470332154156,0.08568924689373467,0.7471988403219308,0.008555220934295197,0.0924944373154148,0.45913967225329433,0.01023404314078161,0.10116344765171663,0.17324027856935564,22.472932815551758,0.588468074798584,0.0,293.25
8,PIGS,1~(01.01300 03.88991 85.52977 20.25784 20.03982 27.35252 06.72306 25.69732 81.41087 50.55748):arima;(02.33367 30.60256 73.29814 08.75505 74.84460 33.33833 02.03885 12.38222 35.37021 57.84020):svr,0.0072699234301850275,0.08526384597345482,0.7497026527888633,0.008310347549472909,0.09116110765821633,0.47462054646900376,0.00993533431774836,0.09967614718551454,0.19737154515897304,22.77014398574829,0.531141996383667,0.0,293.25
9,PIGS,1~(01.01264 49.81706 76.34708 70.22997 11.49014 99.12650 24.99564 64.49817 66.74319 04.73070):arima;(02.32772 50.54503 33.07008 00.14592 26.50548 37.73079 34.14901 59.91243 96.07730 00.87023):svr,0.007269834655942186,0.08526332538637105,0.7497057092113549,0.008308336442052049,0.09115007647858585,0.4747476885062619,0.009937439468548007,0.09968670657890152,0.1972014800278471,22.186039209365845,0.5704009532928467,0.0,293.25
10,PIGS,1~(01.00999 68.52483 14.87643 80.92536 52.60417 14.83954 96.07555 82.72254 55.75914 08.07486):arima;(02.29925 64.52604 73.14839 40.96075 58.82729 47.55759 42.08074 62.27022 98.36260 17.06270):svr,0.007273006839311538,0.08528192563088347,0.7495964936068384,0.008327293414036322,0.09125400492053114,0.47354923037651364,0.009973744639394756,0.09986863691567416,0.19426855776800822,22.510982751846313,0.578376054763794,0.0,293.21875
11,PIGS,1~(01.00999 64.83868 56.07180 34.07183 82.00505 88.94966 31.19753 74.29859 41.59219 10.94766):arima;(02.29998 64.13868 79.19364 38.68879 52.50234 71.83185 64.15921 94.09476 45.00228 93.40171):svr,0.007272984585166224,0.085281795156799,0.7495972597983382,0.008328788680530875,0.0912621974342656,0.4734546997580149,0.009974556617740622,0.09987270206488168,0.1942029618953114,22.3389949798584,0.5731267929077148,0.0,293.21875
12,PIGS,1~(00.98999 96.52913 34.41121 92.06878 47.91781 48.66217 34.61463 71.94150 86.21482 94.56792):sarima;(02.18986 79.17811 86.62174 96.14630 10.81508 62.14823 45.67936 21.36344 12.12920 89.84479):svr,0.007505429524195288,0.08663388207967647,0.7415943761132006,0.008820279944587098,0.09391634546013329,0.44238266454072794,0.010574882012724432,0.10283424533065058,0.14570552549632287,22.153831958770752,0.5785439014434814,0.0,293.21875
13,PIGS,1~(00.99999 90.27940 51.22745 41.95550 37.84807 29.55158 57.07741 83.64009 68.90334 24.11749):arima;(02.25246 24.50279 06.51227 10.41935 07.37848 70.29451 07.37848 70.29551 85.53077 30.27090):svr,0.0073426395899760365,0.08568920346214007,0.7471990965864004,0.008560748146673354,0.0925243111115849,0.4587902423646527,0.01023711903079523,0.10117864908564074,0.17299179202930215,22.50644612312317,0.5323669910430908,0.0,293.21875
14,PIGS,1~(01.02000 64.72298 10.30684 36.74696 61.30336 46.66867 49.69860 68.04103 17.60644 58.45163):arima;(02.38004 10.20000 47.22981 91.33103 67.46968 90.70328 04.68041 73.34115 93.87606 46.58451):svr,0.00729588114456605,0.08541593027396031,0.7488089505220337,0.008222097825521545,0.09067578411859224,0.48019968638677646,0.009840426995415574,0.09919892638237358,0.20503865680724287,22.31886100769043,0.5756471157073975,0.0,293.21875
15,PIGS,2~(01.00730 00.00989 51.14219 97.62134 79.95270 65.67628 82.95774 56.04733 36.04521 62.00132):arima;(02.37900 00.21012 01.32217 22.06400 86.59614 21.06260 94.24044 89.29577 05.60073 53.60452):svr,0.0072133993167062,0.08493173327270673,0.7516487304598426,0.008502589216466641,0.09220948550158298,0.46246704490366175,0.009926835490477688,0.09963350586262479,0.19805812503460285,23.35879921913147,0.5950469970703125,0.0,293.15625
1,POLLUTION,2~(00.69988 00.30300 16.81809 71.90979 63.84200 85.13725 82.18697 70.02062 52.05184 50.02587):sarima;(00.97998 00.19877 16.12510 27.98950 20.62257 61.84550 25.87971 09.79888 01.98714 61.25196):mlp,0.0006997148965018965,0.026452124612248003,0.9009566848182411,0.010506474590086077,0.10250109555554066,0.7796676353281278,0.010940328911005671,0.10459602722381797,0.42689686033397334,23.170001983642578,0.58107590675354,0.171875,293.0625
2,POLLUTION,"1~(00.99999 99.72814 56.88488 74.05512 26.10082 94.34816 60.71184 18.12050 00.02450 41.16687):sarima;(00.99925 65.23633 36.80343 65.77606 10.72110 34.65777 22.30723 26.11523 82.33398 58.14149):mlp,(17.03397 51.27520 50.54523 39.83022 07.23426 15.23687 11.00989 89.65236 38.36803 34.65776):mlp,(10.92117 08.34651 70.22307 34.26117 33.97455 38.69776 81.00989 79.65236 38.36803 34.65706):mlp",0.0006023598306639527,0.024543019998850033,0.9147371095577082,0.00977219462487664,0.09885441125653746,0.795066296380279,0.01249293986073452,0.11177182051275053,0.3455641858588637,42.58155393600464,0.5269896984100342,0.015625,290.875
3,POLLUTION,1~(01.00298 56.93500 75.05106 27.69754 15.28540 02.89935 82.45743 71.72043 69.24793 09.03315):sarima;(01.00001 00.51078 16.97541 52.85408 24.99350 24.27439 48.20439 92.47936 90.33165 30.10010):mlp,0.0006021942144446333,0.024539645768523907,0.9147605522191282,0.009770811009679943,0.09884741276169014,0.7950953123175919,0.012577059875656988,0.1121474916155372,0.34115760493675606,22.778424978256226,0.5650880336761475,0.0,290.875
4,POLLUTION,"1~(00.79989 19.06974 90.27832 46.36128 57.52053 56.21889 48.93929 78.86922 76.58166 22.30636):sarima;(00.79885 82.79831 30.88147 19.00076 15.23906 91.90011 40.81130 56.56684 76.90007 39.06346):mlp,(04.05786 76.50368 22.30636 90.00788 01.35068 83.11309 97.43932 83.21490 07.88001 50.28983):mlp,(09.19973 12.78321 63.61280 75.20532 62.18805 85.32205 05.32562 88.95488 14.76190 07.68152):svr",0.0008771896281112691,0.029617387260041508,0.8758354734970848,0.014218140415023886,0.11923984407497305,0.7018299076423825,0.013964615950315366,0.1181719761631977,0.26847123971702114,42.743470191955566,0.5751237869262695,0.015625,290.875
5,POLLUTION,1~(01.00298 95.73666 99.09200 52.05193 07.55868 61.70010 57.39376 09.20078 05.49500 55.86846):sarima;(01.00000 07.57393 69.09200 83.05495 07.55868 61.70010 00.75738 76.90920 78.60749 90.81146):mlp,0.0006021941366329299,0.02453964418309544,0.9147605632332271,0.00977075045477395,0.09884710645625369,0.7950965822207849,0.012576898753920006,0.11214677326575208,0.34116604521072635,22.374880075454712,0.5718209743499756,0.0,290.875
6,POLLUTION,1~(00.99999 07.38870 77.70437 41.34786 72.77649 73.04594 43.89658 22.04520 02.23145 34.58450):sarima;(00.99736 07.32015 23.14522 81.13430 00.39484 03.04009 75.62073 01.52231 52.28811 43.04004):mlp,0.0006023574894757932,0.024542972303203073,0.9147374409484473,0.009760804947418468,0.09879678611887366,0.7953051504835933,0.012462088377140542,0.11163372419273909,0.3471803239343174,22.626384019851685,0.5785191059112549,0.03125,289.796875
7,POLLUTION,1~(01.00350 92.41075 38.53265 23.75720 04.63041 91.40506 52.68968 18.74899 61.45942 97.42530):sarima;(00.99663 40.09980 98.88830 54.02967 00.99384 30.75075 09.68118 68.53075 00.99380 30.75075):mlp,0.00060218554952517,0.02453946921848902,0.9147617787220278,0.009749687931805712,0.09874050805928493,0.7955382865671625,0.012534729253136244,0.11195860508748867,0.34337507141952806,22.826376914978027,0.5200512409210205,1.125,290.953125
8,POLLUTION,1~(01.00299 70.00472 67.38431 79.54357 40.74351 07.51402 57.09950 70.71839 80.40922 07.53559):sarima;(00.98979 71.61204 75.82150 30.54357 47.74310 95.43574 07.53597 79.00482 67.38431 79.54357):mlp,0.000602213871136427,0.0245400462741297,0.9147577698517233,0.00970948512546321,0.09853671968085405,0.7963813837746928,0.012411385066654748,0.11140639598629312,0.3498363890917039,22.542393922805786,0.6066739559173584,0.140625,291.09375
9,POLLUTION,1~(00.89989 98.31253 36.25127 92.84763 18.07024 14.83789 70.08067 24.16503 25.10294 81.44015):sarima;(01.02248 79.90081 64.14475 27.19259 70.08007 51.29150 63.47617 07.99008 06.41440 51.99010):mlp,0.0007672653924033498,0.02769955581599369,0.8913950403689099,0.01208880195067786,0.10994908799384313,0.7464844846856502,0.013386403310596066,0.11569962536929869,0.29876059225050455,22.56729483604431,0.5952508449554443,0.015625,291.109375
10,POLLUTION,1~(01.00289 75.60710 82.58225 65.70095 94.54387 17.92666 59.21018 20.08534 37.63248 01.46100):sarima;(01.00000 00.26863 48.80146 00.31001 00.00100 68.97560 10.17485 96.46570 95.29535 37.63248):mlp,0.0006021951309652165,0.024539664442799876,0.9147604224873798,0.009770879855988164,0.09884776100644953,0.7950938685345456,0.012574664250084841,0.1121368104151569,0.341283098470637,22.987311840057373,0.5911228656768799,0.0,291.03125
11,POLLUTION,1~(00.99998 89.11199 02.25030 93.30725 60.83304 59.00425 77.74519 04.55222 14.60421 56.03323):sarima;(00.99699 74.51930 55.22271 60.42145 03.32315 00.99696 22.25257 33.04159 04.25977 45.19304):mlp,0.0006023586541747352,0.02454299603093997,0.9147372760875233,0.009758606333198016,0.09878565854008373,0.7953512578496789,0.01245583262986525,0.11160570160106181,0.3475080278300221,22.930511951446533,0.5947110652923584,0.109375,291.140625
12,POLLUTION,1~(00.99999 17.93446 06.10322 07.00924 35.02377 37.41869 71.62629 72.21869 85.08399 36.61529):sarima;(01.00000 21.43972 04.76623 20.37002 70.38179 44.60061 32.25070 92.42300 37.70374 86.94016):mlp,0.0006023618756451491,0.024543061659971218,0.9147368200945023,0.009776727681443997,0.09887733654100922,0.7949712331824278,0.012505218273592814,0.11182673326889601,0.34492098792428194,22.828509092330933,0.5979530811309814,0.0,291.09375
13,POLLUTION,2~(00.79796 00.22000 87.53585 91.91592 63.78079 87.10874 45.43363 58.53701 89.86626 80.94201):sarima;(01.02536 00.09997 32.34791 26.50024 00.98653 85.79191 92.73378 09.88710 71.44543 08.56526):mlp,0.0006430029638630991,0.025357503107819965,0.9089841512149007,0.010017211362615028,0.1000860198160314,0.7899280250460461,0.011552914974585977,0.10748448713459062,0.39480687481257337,23.064507246017456,0.5446670055389404,0.015625,289.921875
14,POLLUTION,"1~(00.66996 53.48702 09.19540 19.76898 77.40572 78.83821 49.50006 00.15766 28.30854 21.69570):sarima;(13.97775 46.72291 72.75065 38.51748 38.57104 40.06400 57.66890 95.81725 95.70200 08.75813):svr,(98.92192 22.72881 66.84621 78.64942 66.68335 66.97628 69.04508 63.62988 20.87317 83.82720):svr,(00.79939 34.87021 91.95401 97.68987 74.05721 88.38274 26.66633 16.69762 96.99450 66.36298):mlp",0.0013235089400422332,0.03638006239744832,0.8126598222364368,0.023619045864650023,0.15368489146513403,0.5046825476966096,0.025357618153307154,0.15924075531504853,-0.32834494249009594,43.067140102386475,0.58902907371521,0.015625,289.21875
15,POLLUTION,1~(00.99899 45.81669 10.90622 02.63877 49.79559 41.62175 19.45725 24.53393 10.45781 25.62317):sarima;(00.99799 04.69323 10.45753 99.89924 71.12562 17.99000 96.99104 62.29026 87.77497 55.91416):mlp,0.0006024763268553713,0.02454539319007482,0.9147206197429825,0.009767373395764226,0.09883002274493427,0.7951674028743608,0.012449541166965035,0.11157751192316952,0.3478376026691824,22.719125270843506,0.5932588577270508,0.0,289.234375
1,REDWINE,1~(01.00999 99.49333 18.96267 75.30725 46.56139 49.71162 72.98687 30.30343 96.36553 36.46410):arima;(01.10000 28.15320 36.55723 41.62272 86.87936 01.43496 65.59236 64.10021 11.63010 81.53206):svr,0.0018603839536750317,0.043132168432331704,0.8715020033273523,0.008531065354301396,0.09236376645796443,0.5566357254458794,0.009875469905549866,0.09937539889504779,0.7277634265276162,23.438231945037842,0.5789749622344971,0.0625,289.296875
2,REDWINE,1~(01.00999 86.53280 21.65783 16.60923 23.90408 85.50314 00.67632 05.17739 33.13267 20.89536):arima;(01.08401 51.77395 31.32678 08.95368 00.99998 52.28062 65.79381 60.92322 90.40890 09.87070):svr,0.0018589010227329844,0.04311497446053963,0.871604430385423,0.008527917234299676,0.09234672292128009,0.5567993350166427,0.009935464792016265,0.09967680167429262,0.7261095505628584,23.10710096359253,0.6011037826538086,0.0,289.296875
3,REDWINE,2~(00.72999 00.27310 77.44460 90.23169 39.72018 46.04902 16.97397 01.86405 56.78328 00.38139):arima;(00.99949 00.20994 30.02089 49.33117 26.10089 40.26100 99.49300 08.99493 11.97161 61.05276):svr,0.001953975939347757,0.04420380005551284,0.8650375406341522,0.009377043041354689,0.09683513330065018,0.5126697882584164,0.011176547525844517,0.10571919185202144,0.6918966863564407,23.109217166900635,0.5502121448516846,0.578125,287.9375
4,REDWINE,2~(00.39806 00.60000 41.74427 85.21662 48.96677 71.13957 10.67006 73.17767 53.78511 06.36357):arima;(01.04569 00.43006 19.71139 96.02272 97.00436 67.95371 46.97774 30.10456 70.04360 79.69700):svr,0.0022671749545165104,0.04761486064787453,0.8434046696724726,0.011397407142433567,0.10675863966177898,0.40767032725225016,0.014805149104878113,0.12167641145628068,0.5918672123344059,23.168832063674927,0.5712568759918213,0.015625,287.96875
5,REDWINE,1~(00.99995 40.69216 95.24849 72.00099 97.98353 48.19569 76.88414 99.41185 73.73915 86.66883):arima;(01.10100 69.21680 99.95840 92.16302 46.77272 00.99999 83.53948 95.68776 84.14499 11.85700):svr,0.0018666504967690867,0.0432047508587781,0.8710691688944072,0.008262051630813708,0.0908958284566113,0.5706165202711216,0.00979484784311014,0.09896892362307544,0.7299859307967582,22.441025972366333,0.5828378200531006,0.484375,288.453125
6,REDWINE,1~(00.89999 83.21518 88.09997 95.28698 67.40161 78.93647 96.50373 90.14621 74.89507 94.33820):sarima;(01.11999 99.82869 56.74016 47.89364 27.65037 03.01462 37.48950 19.43382 37.30111 93.64729):svr,0.00258276179254521,0.050820879494015155,0.8216068701468232,0.007777248734081799,0.08818871092198706,0.5958120000482057,0.012097062285579163,0.10998664594203772,0.666520903085603,22.80863618850708,0.5832321643829346,0.0,288.453125
7,REDWINE,1~(00.99999 30.94439 78.92897 01.09067 64.52201 49.16353 63.12723 46.21841 22.11944 97.74928):sarima;(01.09051 91.46012 24.62184 62.21194 39.77492 97.26220 09.44298 81.49101 49.16353 63.12723):svr,0.001865577989288675,0.04319233715936977,0.8711432477222626,0.008262521071362968,0.09089841071967632,0.5705921231812013,0.009837370568951434,0.09918351964389767,0.72881370898975,22.74519419670105,0.5327999591827393,0.015625,288.46875
8,REDWINE,1~(01.01004 30.90177 11.23648 48.43812 46.39571 60.94951 77.52206 12.64543 12.59339 87.36380):arima;(01.10000 13.80486 01.26390 61.04213 77.72226 43.81259 39.78736 80.67401 00.00313 04.86801):svr,0.0018603835645375556,0.043132163921342455,0.8715020302053449,0.008532509471448763,0.09237158367944528,0.5565606738638292,0.009876000206137376,0.09937806702757594,0.7277488077584604,22.418001890182495,0.5680239200592041,1.046875,289.46875
9,REDWINE,1~(00.99999 92.18715 49.08285 97.24621 25.60032 34.32019 43.12498 21.51759 04.61058 45.05551):sarima;(01.08712 56.03322 43.20191 37.24989 15.17592 46.10510 50.55517 50.10872 90.92855 72.46212):svr,0.0018655148156424936,0.043191605846998715,0.8711476111693676,0.008262710961303347,0.09089945523105926,0.5705822544939783,0.009851711933889049,0.09925579043002503,0.7284183613164874,22.493331909179688,0.5731337070465088,0.71875,290.1875
10,REDWINE,1~(00.99999 35.64342 52.27892 48.75140 49.48435 17.70331 65.68125 93.47375 53.69945 61.33471):sarima;(01.10000 61.04750 12.70749 84.35417 03.31065 81.25193 73.75753 99.45861 34.71851 11.00007):svr,0.0018664507710548384,0.04320243941092723,0.8710829640865847,0.008262920220017908,0.09090060626870378,0.5705713792006448,0.009798939005499408,0.09898959038959303,0.7298731499325537,22.364707708358765,0.5755269527435303,0.0,290.171875
11,REDWINE,1~(01.00999 45.62375 64.85346 19.83071 06.78078 35.22191 12.16123 95.42329 33.22272 98.38580):arima;(01.08404 85.78913 93.04148 98.30714 84.56237 26.48534 81.98586 84.23291 36.27767 07.80114):svr,0.0018589011330714664,0.04311497574012383,0.8716044227642683,0.008527919170730446,0.09234673340584629,0.5567992343792443,0.009935346076479097,0.09967620617017432,0.7261128231879959,23.877228021621704,0.5754218101501465,0.078125,290.21875
12,REDWINE,1~(01.01397 27.72875 72.11667 97.67067 28.34228 55.81742 16.61898 38.01685 80.83352 29.17752):sarima;(00.99984 00.29327 22.67797 70.67428 42.28755 17.42216 18.98638 16.85780 33.52829 77.52743):svr,0.001898541084329189,0.043572251311232345,0.868866464121507,0.008685492464043692,0.09319598952768135,0.5486100615177678,0.010400922797855513,0.10198491456022069,0.7132782935374329,22.710905075073242,0.522252082824707,1.5,291.75
13,REDWINE,1~(00.98999 37.92268 60.07221 28.11841 97.19409 33.85844 40.98833 48.38864 23.74878 15.05174):sarima;(01.08987 71.50517 98.50108 02.19831 48.38864 23.03569 86.05174 85.01087 21.95914 15.84494):svr,0.0018839692304581414,0.04340471438056172,0.8698729520706947,0.008037037596312992,0.08964952647009906,0.5823106264615764,0.009825897108463967,0.0991256632182805,0.7291299972878109,22.741820812225342,0.5901100635528564,0.734375,292.484375
14,REDWINE,1~(01.00999 43.40666 56.64281 27.27786 49.49662 77.41081 28.47520 73.52180 78.29099 18.74574):arima;(01.08404 97.93185 62.57744 81.92847 20.77352 80.97827 86.04949 62.57744 81.92847 20.77352):svr,0.0018589011330714664,0.04311497574012383,0.8716044227642683,0.008527919170730446,0.09234673340584629,0.5567992343792443,0.009935346076479097,0.09967620617017432,0.7261128231879959,22.779989004135132,0.5702362060546875,0.0,292.5
15,REDWINE,"1~(00.99899 42.84934 14.48834 07.44864 84.84195 33.50501 92.62053 67.79122 09.86224 55.24678):sarima;(01.05886 59.33462 11.49272 59.03119 06.54125 92.12459 27.51592 24.53039 37.12464 64.25259):svr,(35.77877 50.82097 80.65412 41.02209 12.24369 49.04067 95.08209 33.63744 86.74312 77.32679):svr,(34.28493 61.44883 22.70955 88.48419 73.35050 99.26205 06.77912 20.98622 35.52467 31.20103):svr",0.0018715062297810427,0.043260908795135625,0.8707337800822316,0.008247372963426232,0.09081504811112656,0.5713793788881163,0.009980996004850208,0.09990493483732527,0.7248543939488944,42.627845764160156,0.5793230533599854,4.46875,294.375
1,SUNSPOT,"1~(00.99899 48.36788 49.73457 22.03488 76.13479 24.75016 70.83253 07.06188 43.73557 42.03280):arima;(01.13752 40.15066 01.69989 24.83678 14.96345 82.20348 67.60397 52.47501 37.08325 30.70618):svr,(08.07706 71.63701 04.21873 40.83330 57.98367 81.49734 78.22034 88.81913 02.46464 83.70832):svr",0.003176532564461756,0.056360736017743385,0.9091469211535995,0.013339838247641539,0.11549821750850331,0.7297229821546827,0.02201467322118012,0.14837342491558292,0.6023918241179107,32.364134788513184,0.5805721282958984,0.40625,294.828125
2,SUNSPOT,2~(00.79989 00.20609 10.73939 63.98267 09.75297 07.83458 75.42082 88.81703 63.25735 63.58444):arima;(00.99998 00.32299 93.00206 99.10739 95.63582 75.09752 53.07834 82.75420 25.88817 36.63257):svr,0.004022279171579069,0.06342144094530705,0.8849574372993627,0.011561713121914107,0.107525406867001,0.7657493827313469,0.018595326568362876,0.13636468226180443,0.6641488246273333,22.76309561729431,0.5891759395599365,1.171875,295.015625
3,SUNSPOT,1~(00.99998 02.17130 95.11400 06.76542 85.75537 20.23423 77.59854 96.36259 87.54168 04.60491):arima;(01.13822 07.59854 96.36259 01.77598 45.96362 94.01485 04.04404 16.38011 15.97886 16.38011):svr,0.003171048919857971,0.05631206726677659,0.909303760721727,0.013344560264182338,0.11551865764534462,0.7296273098890096,0.022036678698187293,0.14844756211601218,0.6019943820353355,23.210519075393677,0.5405271053314209,0.0,295.0
4,SUNSPOT,1~(00.99999 63.47047 20.89899 02.79361 03.16901 00.95372 36.20550 89.36320 93.60244 72.83727):arima;(00.99999 18.63532 63.22109 89.89960 79.86120 36.90190 95.77205 90.09999 93.63208 36.02443):svr,0.0032077889624174895,0.05663734600435908,0.9082529463775506,0.012612608133382632,0.11230586865067485,0.7444573127305394,0.019407687766023262,0.13931147751001446,0.6494767261267578,22.88183069229126,0.5723063945770264,0.0,295.0
5,SUNSPOT,1~(01.02999 11.46321 30.56242 41.54000 21.75636 82.19788 17.01164 43.31493 20.75636 82.19788):arima;(01.16476 31.49312 75.63618 19.78839 88.64153 43.31463 21.75636 82.19788 17.01164 86.36182):svr,0.0030825054154958423,0.05552031534038547,0.9118362233424943,0.013623927418855505,0.1167215807760309,0.7239670822275277,0.02297083414996758,0.151561321417991,0.5851225510778212,22.8538658618927,0.5786051750183105,0.0,294.921875
6,SUNSPOT,1~(01.02989 27.39985 66.16472 77.93147 92.07596 05.25303 47.44719 17.67792 08.19788 67.88653):arima;(01.16517 77.92667 11.32567 86.53227 11.63997 81.97885 78.56632 70.11612 93.27281 78.85978):svr,0.0030825514232101156,0.05552072967108876,0.9118349074603468,0.01362563556198881,0.11672889771598467,0.7239324737245195,0.022978100207620516,0.1515852902085836,0.5849913184267519,22.472781896591187,0.5800390243530273,0.015625,293.15625
7,SUNSPOT,1~(00.99999 69.97543 10.13743 29.46448 10.23404 78.83035 50.85236 46.98283 21.29844 12.16700):arima;(01.13845 12.16730 41.01169 04.57882 34.42461 40.04101 67.86730 41.01137 33.29515 21.29846):svr,0.0031709941691168302,0.056311581127835776,0.9093053266661337,0.013345891706218582,0.11552442038901811,0.729600333686127,0.022041507808455544,0.14846382659912663,0.6019071632197028,23.195171117782593,0.5820868015289307,1.046875,291.71875
8,SUNSPOT,1~(01.03089 01.36977 96.59889 53.86242 48.07300 96.17545 69.89671 59.34257 44.70313 60.20238):arima;(01.19959 63.06141 73.09096 75.40109 89.66301 20.93089 01.04985 93.20518 47.05301 69.78596):svr,0.0030844061391745625,0.05553743007355096,0.9117818601037289,0.013842900816958577,0.11765585755481356,0.7195304859264281,0.023761558392515116,0.15414784588996083,0.5708412387664219,23.10294818878174,0.5304141044616699,0.03125,291.75
9,SUNSPOT,1~(01.03245 71.59642 38.49257 76.43093 41.80864 29.00890 16.48714 25.75018 42.38416 86.42640):arima;(01.16645 77.59642 38.49257 76.43093 41.80864 29.00690 16.48714 45.75018 42.38416 86.42690):svr,0.003081918341561817,0.05551502806954003,0.9118530144420137,0.01365298877460591,0.11684600452991925,0.723378273246418,0.023050279920192405,0.15182318637214937,0.5836876768253954,22.50241994857788,0.5805959701538086,1.515625,292.5
10,SUNSPOT,1~(00.99999 35.12773 41.40241 47.58138 24.17584 37.50448 16.91791 13.36614 37.39615 73.03167):arima;(01.14000 48.31691 91.81342 75.04483 69.17918 33.66142 73.96154 30.34678 40.11401 44.83169):svr,0.0031709998637991007,0.056311631691854755,0.9093051637906061,0.013354814515299638,0.11556303265015001,0.7294195496178002,0.022073541323444905,0.1485716706624951,0.6013286042134416,23.429476022720337,0.5808367729187012,0.0,290.609375
11,SUNSPOT,1~(01.02999 63.94885 11.34231 87.33932 69.67369 68.67747 91.13423 98.17393 15.39714 75.09248):arima;(01.16109 30.00079 11.61079 19.65698 27.45823 91.06904 39.78474 51.70900 29.70093 84.11780):svr,0.003082530956073426,0.05552054535100881,0.9118354928478237,0.013602039063729062,0.11662777998285426,0.7244105598199311,0.022890856810347162,0.15129724653921223,0.5865670260331788,22.56299114227295,0.586712121963501,0.09375,290.765625
12,SUNSPOT,1~(01.05020 97.49292 54.42094 51.03476 06.21491 09.93445 30.80980 37.62295 22.18586 40.19208):arima;(01.11585 64.02920 09.30115 09.42517 97.61563 39.05311 11.85867 52.62099 44.50308 88.03376):svr,0.0031161927586114595,0.055822869494602835,0.9108727202843326,0.013532701239170535,0.11633013899746933,0.7258154059730599,0.02231217100495312,0.1493725912105468,0.5970187009310925,22.797529220581055,0.5277388095855713,0.015625,290.78125
13,SUNSPOT,1~(01.03261 82.24452 11.99153 27.45563 56.65075 76.50119 12.89419 95.86979 41.77566 30.51621):arima;(01.16689 53.26745 61.68224 52.01113 65.64430 16.21243 11.66891 32.67455 96.82244 20.11137):svr,0.0030819148040629957,0.05551499620879925,0.9118531156192101,0.013656904449789238,0.11686275903721098,0.7232989381756507,0.023062754814854862,0.1518642644431364,0.5834623670939618,22.44178318977356,0.5811541080474854,0.0,289.6875
14,SUNSPOT,1~(00.99999 58.17504 96.01898 82.67369 02.40524 84.48757 48.88751 91.52396 46.89890 87.86507):arima;(00.99999 48.67267 69.10240 04.08448 57.04888 51.89152 96.64689 90.48786 07.46600 99.92518):svr,0.0032077889624174895,0.05663734600435908,0.9082529463775506,0.012612608133382632,0.11230586865067485,0.7444573127305394,0.019407687766023262,0.13931147751001446,0.6494767261267578,23.09775996208191,0.5787408351898193,0.015625,289.734375
15,SUNSPOT,2~(00.09897 01.00001 79.20161 40.40531 22.32789 84.63696 86.97299 11.39034 09.64115 48.97614):arima;(01.10101 01.51999 87.53510 80.52808 06.74892 85.11403 68.69729 81.23900 00.73750 40.55011):svr,0.01639116316635189,0.1280279780608594,0.5311908159867652,0.033275371925622646,0.1824153829193762,0.32581129360087024,0.07244940081373875,0.2691642636267652,-0.30851245493785373,23.60510802268982,0.5777478218078613,0.015625,289.4375
1,B1H,1~(01.00100 97.57666 98.94046 27.11858 22.57392 04.68985 66.34546 63.02643 53.98286 02.66409):sarima;(01.06959 28.60026 48.85100 04.89757 34.54636 02.64323 90.28600 66.40663 55.63630 64.34539):svr,0.0004257743982779067,0.020634301497213486,0.9891751387652028,0.00023801362265031884,0.015427690126856932,0.9903591443191561,0.00043702330684430526,0.02090510241171531,0.9859435128458284,22.77135705947876,0.5893409252166748,0.46875,289.96875
2,B1H,1~(00.99970 32.02204 25.74706 36.71642 40.12461 26.52392 07.42985 78.75298 01.21459 01.19292):sarima;(01.07098 41.21459 01.19292 98.01070 87.92246 32.65239 30.94298 06.23401 46.19837 82.93074):svr,0.0004254963941941214,0.020627563942310818,0.9891822067233559,0.00023728066586511197,0.015403917224690348,0.9903888330844788,0.00043698376838348266,0.020904156725002867,0.9859447845671713,23.139605045318604,0.5889191627502441,1.46875,291.4375
3,B1H,1~(01.00000 57.17902 40.59746 20.14660 67.74655 62.34943 00.06017 39.79006 78.83303 94.36940):sarima;(01.07102 65.59823 94.38000 04.70307 00.62247 30.72349 38.00060 70.39790 80.00604 03.07100):svr,0.0004255107139544588,0.02062791104194651,0.9891818426586794,0.00023745395730205538,0.015409541112637176,0.9903818138319012,0.000437038967272416,0.020905476968307038,0.9859430091413276,22.60601019859314,0.5618619918823242,1.453125,292.890625
4,B1H,2~(00.80007 00.20000 61.87991 35.53454 48.14963 68.44020 05.13585 72.35794 02.72192 18.10087):sarima;(01.02618 00.35130 00.00461 79.99035 34.54248 49.63268 40.20805 35.85872 57.94602 21.92610):svr,0.000547361905279912,0.023395766823934454,0.9860839057166564,0.00028987461453845324,0.01702570452399704,0.9882584900259627,0.0005752111096377459,0.023983559152839385,0.9814988183766585,22.80486297607422,0.5863471031188965,0.171875,293.078125
5,B1H,"1~(01.04000 22.24435 53.57824 45.85027 10.72722 81.59717 40.99695 71.03189 66.91896 17.83831):sarima;(00.97977 97.55379 10.20319 73.53989 67.70025 05.95337 07.45978 61.31196 88.85787 22.27303):svr,(72.23815 71.71109 61.58710 18.98669 19.64978 83.17420 87.97779 55.37681 22.31957 56.28906):svr,(02.38003 74.70231 57.35628 06.77002 30.07223 15.97171 09.96158 10.31898 63.18564 78.38317):rbf",0.0006128654063777117,0.024756118564462234,0.9844185488688869,0.0017200430716664285,0.04147340197845396,0.9303288322990901,0.0009356737516094349,0.03058878473573991,0.9699048406251722,43.215364933013916,0.5864057540893555,0.171875,293.265625
6,B1H,1~(01.00000 29.02703 89.26465 97.01004 61.49752 48.82841 50.64049 00.18932 08.10460 93.85840):sarima;(01.07094 10.00004 90.27033 92.54654 76.11350 42.10810 60.79385 40.32801 70.94010 00.04290):svr,0.0004255107502870585,0.02062791192261249,0.9891818417349617,0.00023744933743593362,0.015409391209127427,0.9903820009617892,0.0004370187770836805,0.020904994070405296,0.9859436585417696,22.614506006240845,0.6074411869049072,0.0,293.265625
7,B1H,"1~(00.99960 39.13249 87.42037 27.42577 43.19325 32.32049 16.19327 52.34168 63.26129 32.61937):sarima;(00.98968 71.66538 38.37150 73.22766 56.32619 27.19694 10.90051 11.27645 13.27821 38.46726):svr,(55.02193 71.90098 57.55737 16.11666 86.38371 01.77557 78.16116 53.86383 15.01732 76.65563):svr,(93.27196 45.10900 11.11176 55.13278 25.02161 48.09575 52.01501 27.86358 92.28705 95.44087):svr",0.00043166545392163376,0.02077656020426947,0.9890253649410187,0.00023465085549095923,0.015318317645582337,0.990495354812113,0.00042146154184254694,0.020529528534346496,0.9864440439305958,42.28531289100647,0.587576150894165,1.21875,294.484375
8,B1H,1~(01.00010 08.11137 44.44048 17.02920 85.27123 28.01566 95.00362 78.36928 16.30561 78.39844):sarima;(00.99999 16.50322 08.05702 09.78760 44.83623 83.69285 03.01130 99.99971 70.92210 69.47658):svr,0.0004302492186277676,0.020742449677599983,0.989061371217098,0.00023499390426255597,0.01532951089443352,0.9904814594574622,0.0004229138756801948,0.020564869940755636,0.9863973308340338,22.71423316001892,0.5601341724395752,0.03125,294.125
9,B1H,1~(01.00000 00.73603 63.22264 90.06360 30.73451 40.75384 32.09219 53.00546 10.27603 52.34513):sarima;(01.06999 30.05467 66.66085 16.04542 76.69547 29.40509 75.63885 31.33384 48.72255 35.92655):svr,0.0004255119959095469,0.02062794211523648,0.9891818100663348,0.0002373945289239477,0.015407612693858439,0.9903842210067944,0.00043677968480886954,0.020899274743609395,0.9859513487437266,22.974570989608765,0.5957639217376709,0.0,294.125
10,B1H,"1~(01.00011 11.40383 75.25642 52.50752 13.36913 70.36007 17.14033 80.41252 65.56460 45.60861):sarima;(01.05387 86.73115 59.74275 55.46044 60.87339 01.09836 84.60446 86.13950 01.23111 57.55387):svr,(30.11525 74.27525 46.04456 87.39950 03.83846 44.56006 69.50111 31.11847 57.85525 42.15259):svr",0.00042580308418864996,0.020634996588045514,0.9891744094564316,0.00023661603143685538,0.015382328544042199,0.9904157544200394,0.0004329509145879763,0.0208074725660753,0.9860744979181147,32.9870240688324,0.6001050472259521,0.015625,294.140625
11,B1H,1~(01.00001 89.91821 70.13723 08.21460 27.45176 47.12339 27.88896 33.58313 46.61324 64.73830):sarima;(01.07111 34.47382 11.00109 15.89918 12.70137 33.52749 59.71233 90.24640 43.35831 64.66132):svr,0.00042551170946337406,0.020627935172076096,0.9891818173489241,0.00023746507079614135,0.01540990171273462,0.9903813636745051,0.0004370636434444624,0.020906067144359372,0.985942215453005,23.326362133026123,0.5956330299377441,0.0,294.140625
12,B1H,2~(00.60054 00.40000 14.84298 33.55511 78.00456 27.88191 75.74792 68.13397 68.79725 90.58834):sarima;(00.97999 00.69767 37.68133 79.68797 53.90588 45.62009 99.90006 96.56116 00.04300 91.48429):svr,0.0008550374395478274,0.02924102323017831,0.9782615824927542,0.0004379054391600197,0.020926190268656636,0.982262430638263,0.0009213611696555778,0.03035393170012046,0.9703651927876923,23.258124828338623,0.6071979999542236,0.0,294.140625
13,B1H,1~(01.01000 52.71895 94.60916 80.02194 37.15323 20.38098 80.74951 63.33422 52.00629 62.57499):sarima;(01.07494 73.94609 62.80021 49.37153 35.20380 86.80749 15.13334 22.52006 98.62574 95.56010):svr,0.0004428168229949975,0.021043213228853563,0.9887418532426041,0.00024924077201372245,0.015787361147884166,0.9899043832617234,0.00045504085066282917,0.021331686540515947,0.9853639937005828,23.005990982055664,0.5675101280212402,0.265625,294.375
14,B1H,1~(01.00000 16.74377 74.29408 45.39583 70.40082 44.95091 49.84775 31.51011 91.35483 07.37343):sarima;(01.07086 54.98477 43.18101 07.71510 13.71549 47.75431 10.12291 54.83407 73.43151 10.70791):svr,0.000425510777419591,0.02062791258027799,0.989181841045146,0.00023744469015713084,0.015409240414671024,0.9903821892020409,0.0004369985398063177,0.02090451003506941,0.9859443094567776,23.120911121368408,0.5856120586395264,0.015625,294.421875
15,B1H,1~(00.99984 48.04842 93.16100 78.31603 24.53755 69.70194 00.94109 92.81723 12.01589 12.30720):sarima;(01.06999 35.24537 59.64644 57.60235 87.57644 82.63579 51.23789 50.51310 08.40617 12.31047):svr,0.0004255005740799645,0.02062766526003281,0.989182100454204,0.00023730222834064107,0.015404617111133957,0.9903879596860894,0.0004367524510045593,0.02089862318442436,0.9859522246961402,23.39752697944641,0.6113719940185547,0.09375,294.15625
